唯***员,1,Papa recipe,6.3折,【温和补水 口碑爆款】 经典黄春雨蜜罐面膜10张 舒缓滋养,88,日常补水面膜就用它，精华超多，活动价超值，赶上双十一最低价格了。跟实体店品质一样。唯品会活动价超值，退换货也方便，现在大部分东西都在唯品购买，买东西先找到唯品比价，基本是全网最低，品质也值得信赖，给你点赞,22:补水保湿,0,1615817465000
唯品会会员雨露,0,Papa recipe,6.3折,【温和补水 口碑爆款】 经典黄春雨蜜罐面膜10张 舒缓滋养,88,因为自己是敏感皮肤，多年来一直都用春雨面膜，补水保湿效果好，味道也不错。每次赶上唯品会打折，都会囤几盒，留着用。相信唯品会卖的都是正品，物流很快，满意的购物平台！👍,,0,1614742684000
夏***儿,0,Papa recipe,6.3折,【温和补水 口碑爆款】 经典黄春雨蜜罐面膜10张 舒缓滋养,88,春雨面膜，一位爸爸研制，送给自己女儿的礼物，真的超有爱。一直听说春雨面膜很好，纯蜂蜜，不添加其它化学物质的。真的有蜂蜜的味道，很好闻。面膜纸也是超舒服，极少有面膜纸让我觉得很贴服，不会有空的地方，超喜欢。我是相当的认可！是开始让你感觉很黏你等全部吸收了，慢慢的就不会觉得那么黏了，很不错！而且感觉敷完之后，脸色好看了，毛孔也紧致了一些。不错不错！这次赶上活动！,,0,1609912144000
唯***员,1,Papa recipe,6.3折,【温和补水 口碑爆款】 经典黄春雨蜜罐面膜10张 舒缓滋养,88,超级好用 很补水，同时推荐给我的，用了就不想再换面膜了，好久考试门门多久会大喊大叫的时候就丹江口市快快发货给了目瞪口呆剋还是即将到来的留恋的了会看看即可好像很优秀。熟悉了哦发了很合适的借口快递的巨额过很多的。,,0,1616678691000
唯***员,1,Papa recipe,6.3折,【温和补水 口碑爆款】 经典黄春雨蜜罐面膜10张 舒缓滋养,88,日常补水面膜就用它，精华超多，活动价超值，赶上双十一最低价格了。跟实体店品质一样。唯品会活动价超值，退换货也方便，现在大部分东西都在唯品购买，买东西先找到唯品比价，基本是全网最低，品质也值得信赖，给你点赞,,0,1615817618000
唯***员,0,Papa recipe,6.3折,【温和补水 口碑爆款】 经典黄春雨蜜罐面膜10张 舒缓滋养,88,回购很多次了，用了三年了，每次都买俩三盒很水润，有时候两三天敷一张，有时候脸发烫就连着两三天敷，好的特别快，有时候一个星期才敷一张，不会用习惯了，不敷就不行，反正我都是明天要约朋友玩或者感觉好久没敷了就敷一张，买的三盒，现在剩俩盒，洗面奶，面霜也是用的春雨的,22:补水保湿^22:晒后修复^22:舒缓肌肤,1,1613449392000
唯***员,1,Papa recipe,6.3折,【温和补水 口碑爆款】 经典黄春雨蜜罐面膜10张 舒缓滋养,88,一直在用的一款面膜，个人非常喜欢！补水舒缓保湿，个人肌肤比较敏感，这款无刺激，吸收好，用了好多年，赶上活动就囤几盒，唯品会正品保证，购物无忧！,22:舒缓肌肤^22:补水保湿,0,1612819309000
唯***员,1,Papa recipe,6.3折,【温和补水 口碑爆款】 经典黄春雨蜜罐面膜10张 舒缓滋养,88,东西己收到很久了，才来评价，这教面莫却实不错补水保湿，美白效果特别好，舒绶肌肤，缩毛孔，抗皱，给实体店买的一样，非常喜欢，快递小哥股务态度非常好，点个赞！,,0,1612315370000
唯***员,0,Papa recipe,6.3折,【温和补水 口碑爆款】 经典黄春雨蜜罐面膜10张 舒缓滋养,88,这个牌子的面膜我已经买过好多次了。我的皮肤比较敏感。用这款面膜，皮肤一点儿不适感也没有。味道蜂蜜味香香的，敷完面膜以后袋子里也没有多少剩余的液体。扔了也不可惜。,,2,1610852577000
Omg,0,Papa recipe,6.3折,【温和补水 口碑爆款】 经典黄春雨蜜罐面膜10张 舒缓滋养,88,无限回购的一款，一直用黄色的，试着买了一盒黑色的，感觉黑色的精华好清啊，很水似的，不过敷完脸确实是白了，一定希望不要掺假啊，让我们消费者能安心在这个平台购买,,3,1606903147000
